Workbook

Sheet Сводка
A1: Сводка по роботам за период
A3: Начало периода | B3: 46235 | C3: ← меняйте даты в жёлтых ячейках, сводка пересчитается
A4: Конец периода | B4: 46294
A6: Робот | B6: События | C6: Ошибки | D6: Доля ошибок | E6: Ср. темп., °C | F6: Макс. темп., °C | G6: Статус
A7: R-01 | B7: =SUMIFS(Данные!$C$2:$C$241,Данные!$B$2:$B$241,$A7,Данные!$A$2:$A$241,">="&$B$3,Данные!$A$2:$A$241,"<="&$B$4) | C7: =SUMIFS(Данные!$D$2:$D$241,Данные!$B$2:$B$241,$A7,Данные!$A$2:$A$241,">="&$B$3,Данные!$A$2:$A$241,"<="&$B$4) | D7: =IFERROR(C7/B7,0) | E7: =IFERROR(AVERAGEIFS(Данные!$G$2:$G$241,Данные!$B$2:$B$241,$A7,Данные!$A$2:$A$241,">="&$B$3,Данные!$A$2:$A$241,"<="&$B$4),0) | F7: =_xlfn.MAXIFS(Данные!$H$2:$H$241,Данные!$B$2:$B$241,$A7,Данные!$A$2:$A$241,">="&$B$3,Данные!$A$2:$A$241,"<="&$B$4) | G7: =IF(D7>2*$D$11,"Проверить","Норма")
A8: R-02 | B8: =SUMIFS(Данные!$C$2:$C$241,Данные!$B$2:$B$241,$A8,Данные!$A$2:$A$241,">="&$B$3,Данные!$A$2:$A$241,"<="&$B$4) | C8: =SUMIFS(Данные!$D$2:$D$241,Данные!$B$2:$B$241,$A8,Данные!$A$2:$A$241,">="&$B$3,Данные!$A$2:$A$241,"<="&$B$4) | D8: =IFERROR(C8/B8,0) | E8: =IFERROR(AVERAGEIFS(Данные!$G$2:$G$241,Данные!$B$2:$B$241,$A8,Данные!$A$2:$A$241,">="&$B$3,Данные!$A$2:$A$241,"<="&$B$4),0) | F8: =_xlfn.MAXIFS(Данные!$H$2:$H$241,Данные!$B$2:$B$241,$A8,Данные!$A$2:$A$241,">="&$B$3,Данные!$A$2:$A$241,"<="&$B$4) | G8: =IF(D8>2*$D$11,"Проверить","Норма")
A9: R-03 | B9: =SUMIFS(Данные!$C$2:$C$241,Данные!$B$2:$B$241,$A9,Данные!$A$2:$A$241,">="&$B$3,Данные!$A$2:$A$241,"<="&$B$4) | C9: =SUMIFS(Данные!$D$2:$D$241,Данные!$B$2:$B$241,$A9,Данные!$A$2:$A$241,">="&$B$3,Данные!$A$2:$A$241,"<="&$B$4) | D9: =IFERROR(C9/B9,0) | E9: =IFERROR(AVERAGEIFS(Данные!$G$2:$G$241,Данные!$B$2:$B$241,$A9,Данные!$A$2:$A$241,">="&$B$3,Данные!$A$2:$A$241,"<="&$B$4),0) | F9: =_xlfn.MAXIFS(Данные!$H$2:$H$241,Данные!$B$2:$B$241,$A9,Данные!$A$2:$A$241,">="&$B$3,Данные!$A$2:$A$241,"<="&$B$4) | G9: =IF(D9>2*$D$11,"Проверить","Норма")
A10: R-04 | B10: =SUMIFS(Данные!$C$2:$C$241,Данные!$B$2:$B$241,$A10,Данные!$A$2:$A$241,">="&$B$3,Данные!$A$2:$A$241,"<="&$B$4) | C10: =SUMIFS(Данные!$D$2:$D$241,Данные!$B$2:$B$241,$A10,Данные!$A$2:$A$241,">="&$B$3,Данные!$A$2:$A$241,"<="&$B$4) | D10: =IFERROR(C10/B10,0) | E10: =IFERROR(AVERAGEIFS(Данные!$G$2:$G$241,Данные!$B$2:$B$241,$A10,Данные!$A$2:$A$241,">="&$B$3,Данные!$A$2:$A$241,"<="&$B$4),0) | F10: =_xlfn.MAXIFS(Данные!$H$2:$H$241,Данные!$B$2:$B$241,$A10,Данные!$A$2:$A$241,">="&$B$3,Данные!$A$2:$A$241,"<="&$B$4) | G10: =IF(D10>2*$D$11,"Проверить","Норма")
A11: Весь парк | B11: =SUM(B7:B10) | C11: =SUM(C7:C10) | D11: =IFERROR(C11/B11,0) | E11: =AVERAGE(E7:E10) | F11: =MAX(F7:F10) | G11: Статус «Проверить»: доля ошибок робота > 2× средней по парку
A14: Быстрый поиск
A15: Робот | B15: R-04
A16: Дата | B16: 46294
A17: Ошибок в этот день | B17: =IFERROR(INDEX(Данные!$D$2:$D$241,MATCH(1,INDEX((Данные!$B$2:$B$241=B15)*(Данные!$A$2:$A$241=B16),0),0)),"нет данных")
A18: Макс. температура | B18: =IFERROR(INDEX(Данные!$H$2:$H$241,MATCH(1,INDEX((Данные!$B$2:$B$241=B15)*(Данные!$A$2:$A$241=B16),0),0)),"нет данных")

Sheet Данные
A1: Дата | B1: Робот | C1: События | D1: Ошибки | E1: Предупреждения | F1: Доля ошибок | G1: Ср. темп., °C | H1: Макс. темп., °C | I1: Мин. заряд, % | J1: p95 задержки, мс
A2: 46235 | B2: R-01 | C2: 1437 | D2: 6 | E2: 1 | F2: 0.00418 | G2: 39.83 | H2: 44 | I2: 90.9 | J2: 63
A3: 46235 | B3: R-02 | C3: 1503 | D3: 4 | E3: 0 | F3: 0.00266 | G3: 41.97 | H3: 46.5 | I3: 94.1 | J3: 63
A4: 46235 | B4: R-03 | C4: 1498 | D4: 7 | E4: 5 | F4: 0.00467 | G4: 42.99 | H4: 47.7 | I4: 92.7 | J4: 61.15
A5: 46235 | B5: R-04 | C5: 1387 | D5: 3 | E5: 0 | F5: 0.00216 | G5: 40.89 | H5: 46.9 | I5: 94.2 | J5: 61.7
A6: 46236 | B6: R-01 | C6: 1432 | D6: 9 | E6: 1 | F6: 0.00628 | G6: 39.87 | H6: 44.5 | I6: 93.9 | J6: 62.45
A7: 46236 | B7: R-02 | C7: 1501 | D7: 7 | E7: 1 | F7: 0.00466 | G7: 41.89 | H7: 46.6 | I7: 93.7 | J7: 62
A8: 46236 | B8: R-03 | C8: 1587 | D8: 10 | E8: 2 | F8: 0.0063 | G8: 43.06 | H8: 48.3 | I8: 92.9 | J8: 63
A9: 46236 | B9: R-04 | C9: 1574 | D9: 8 | E9: 4 | F9: 0.00508 | G9: 40.84 | H9: 45.4 | I9: 91.8 | J9: 62
A10: 46237 | B10: R-01 | C10: 2538 | D10: 11 | E10: 5 | F10: 0.00433 | G10: 39.9 | H10: 44.3 | I10: 89.6 | J10: 64
A11: 46237 | B11: R-02 | C11: 2586 | D11: 13 | E11: 3 | F11: 0.00503 | G11: 41.93 | H11: 46.8 | I11: 93.1 | J11: 64
A12: 46237 | B12: R-03 | C12: 2678 | D12: 16 | E12: 4 | F12: 0.00597 | G12: 43.23 | H12: 49.3 | I12: 93 | J12: 62
A13: 46237 | B13: R-04 | C13: 2582 | D13: 14 | E13: 3 | F13: 0.00542 | G13: 40.86 | H13: 45.5 | I13: 93.4 | J13: 63
... A241: 46294 | B241: R-04 | C241: 2474 | D241: 9 | E241: 0 | F241: 0.00364 | G241: 40.86 | H241: 45.1 | I241: 92.5 | J241: 62

Sheet Прогноз
A1: Дата | B1: Робот | C1: Факт ошибок | D1: Прогноз модели | E1: Абс. ошибка | G1: MAE модели, ошибок/день | H1: =AVERAGE(E2:E57)
A2: 46281 | B2: R-01 | C2: 15 | D2: 13.2 | E2: =ABS(C2-D2)
A3: 46282 | B3: R-01 | C3: 8 | D3: 12.6 | E3: =ABS(C3-D3)
A4: 46283 | B4: R-01 | C4: 13 | D4: 8.5 | E4: =ABS(C4-D4)
A5: 46284 | B5: R-01 | C5: 8 | D5: 3.8 | E5: =ABS(C5-D5)
A6: 46285 | B6: R-01 | C6: 6 | D6: 2.2 | E6: =ABS(C6-D6)
A7: 46286 | B7: R-01 | C7: 13 | D7: 11.8 | E7: =ABS(C7-D7)
A8: 46287 | B8: R-01 | C8: 8 | D8: 12.8 | E8: =ABS(C8-D8)
A9: 46288 | B9: R-01 | C9: 6 | D9: 14.2 | E9: =ABS(C9-D9)
A10: 46289 | B10: R-01 | C10: 11 | D10: 10.3 | E10: =ABS(C10-D10)
A11: 46290 | B11: R-01 | C11: 12 | D11: 13 | E11: =ABS(C11-D11)
A12: 46291 | B12: R-01 | C12: 6 | D12: 5.4 | E12: =ABS(C12-D12)
A13: 46292 | B13: R-01 | C13: 6 | D13: 4.4 | E13: =ABS(C13-D13)
... A57: 46294 | B57: R-04 | C57: 9 | D57: 11.5 | E57: =ABS(C57-D57)

Sheet Качество ETL
A1: Дата | B1: Строк на входе | C1: Дубли | D1: Битые строки | E1: Мусор в temp | F1: Пропуски заряда | G1: Чистых строк | I1: Доля отброшенных строк | J1: =1-SUM(G2:G61)/SUM(B2:B61)
A2: 46235 | B2: 5973 | C2: 119 | D2: 29 | E2: 21 | F2: 61 | G2: 5825
A3: 46236 | B3: 6249 | C3: 131 | D3: 24 | E3: 25 | F3: 54 | G3: 6094
A4: 46237 | B4: 10639 | C4: 205 | D4: 50 | E4: 34 | F4: 91 | G4: 10384
A5: 46238 | B5: 10640 | C5: 220 | D5: 66 | E5: 33 | F5: 104 | G5: 10354
A6: 46239 | B6: 10264 | C6: 202 | D6: 44 | E6: 23 | F6: 90 | G6: 10018
A7: 46240 | B7: 10772 | C7: 220 | D7: 51 | E7: 34 | F7: 101 | G7: 10501
A8: 46241 | B8: 10693 | C8: 188 | D8: 46 | E8: 36 | F8: 98 | G8: 10459
A9: 46242 | B9: 5672 | C9: 107 | D9: 29 | E9: 16 | F9: 55 | G9: 5536
A10: 46243 | B10: 5875 | C10: 98 | D10: 30 | E10: 14 | F10: 58 | G10: 5747
A11: 46244 | B11: 10771 | C11: 219 | D11: 53 | E11: 37 | F11: 111 | G11: 10499
A12: 46245 | B12: 10434 | C12: 201 | D12: 53 | E12: 24 | F12: 101 | G12: 10180
A13: 46246 | B13: 10426 | C13: 210 | D13: 62 | E13: 22 | F13: 109 | G13: 10154
... A61: 46294 | B61: 10392 | C61: 172 | D61: 56 | E61: 32 | F61: 104 | G61: 10164
